Postcode,Population
800,6464
810,33302
812,18873
815,292
820,19447
822,25560
828,1201
829,1839
830,18207
832,15570
834,1836
835,5132
836,7756
837,412
838,818
839,548
840,363
841,696
845,507
846,353
847,328
850,8138
852,8299
853,857
854,871
860,2991
862,765
870,19628
872,15469
873,2436
874,553
875,2371
880,5214
885,873
886,1081
2000,27411
2007,8845
2008,11712
2009,12813
2010,27734
2011,21196
2015,9918
2016,13213
2017,24695
2018,17028
2019,10838
2020,14772
2021,15313
2022,12507
2023,10716
2024,11073
2025,7405
2026,32490
2027,8195
2028,4642
2029,9961
2030,14079
2031,34726
2032,16689
2033,11570
2034,20713
2035,34490
2036,30407
2037,16115
2038,9451
2039,8725
2040,22242
2041,15690
2042,19129
2043,8014
2044,7846
2045,6457
2046,26822
2047,11950
2048,7938
2049,11282
2050,8963
2052,3425
2060,13988
2061,5943
2062,7006
2063,6347
2064,9523
2065,30119
2066,31626
2067,26403
2068,16813
2069,14253
2070,13505
2071,13545
2072,7668
2073,16352
2074,22258
2075,20451
2076,24648
2077,37791
2079,7095
2080,1708
2081,5369
2082,5397
2083,1519
2084,3625
2085,11624
2086,13414
2087,12798
2088,28475
2089,11918
2090,13724
2092,7139
2093,22873
2094,5840
2095,15866
2096,14657
2097,15529
2099,39925
2100,20911
2101,19395
2102,7501
2103,10670
2104,3620
2105,1848
2106,9301
2107,14669
2108,1673
2109,3086
2110,10343
2111,14412
2112,32852
2113,18371
2114,24057
2115,10737
2116,6642
2117,21285
2118,24341
2119,11643
2120,20208
2121,28214
2122,31160
2125,16374
2126,18765
2127,14532
2128,4166
2130,7311
2131,23841
2132,10612
2133,11012
2134,16033
2135,25251
2136,7364
2137,26507
2138,20023
2140,16167
2141,28675
2142,26292
2143,8921
2144,37366
2145,79211
2146,17465
2147,36341
2148,63071
2150,31500
2151,21306
2152,11215
2153,56562
2154,39594
2155,55452
2156,12942
2157,3741
2158,8575
2159,4975
2160,35973
2161,31418
2162,18622
2163,9590
2164,19624
2165,42444
2166,52762
2167,9633
2168,43451
2170,105451
2171,34866
2172,2781
2173,14433
2174,2267
2175,1837
2176,47809
2177,15979
2178,4230
2179,6530
2190,25566
2191,6322
2192,12718
2193,15256
2194,24541
2195,27154
2196,31815
2197,9069
2198,9038
2199,18013
2200,43687
2203,13707
2204,26502
2205,19447
2206,19404
2207,28534
2208,12446
2209,15769
2210,30586
2211,16846
2212,15847
2213,21784
2214,3952
2216,28067
2217,26843
2218,16431
2219,13200
2220,32487
2221,16481
2222,12786
2223,20910
2224,14213
2225,5407
2226,12504
2227,14626
2228,18361
2229,28718
2230,28843
2231,2267
2232,32870
2233,29498
2234,30580
2250,67194
2251,32702
2256,15598
2257,29010
2258,5164
2259,59513
2260,23417
2261,52754
2262,20830
2263,24267
2264,14233
2265,5805
2267,2759
2278,2570
2280,26678
2281,14274
2282,14777
2283,23300
2284,10500
2285,30714
2286,3909
2287,36400
2289,19117
2290,33426
2291,13417
2292,2465
2293,2521
2294,1929
2295,6925
2296,1883
2297,1680
2298,9498
2299,11207
2300,10578
2302,564
2303,9143
2304,15176
2305,12506
2306,3358
2307,3905
2311,858
2312,1458
2315,14658
2316,5849
2317,6244
2318,12147
2319,6684
2320,34556
2321,14625
2322,18450
2323,25735
2324,23648
2325,28460
2326,7332
2327,7615
2328,2442
2329,2112
2330,20350
2331,319
2333,13647
2334,2830
2335,6156
2336,2614
2337,7891
2338,1430
2339,679
2340,49072
2341,1572
2342,471
2343,4968
2344,756
2345,721
2346,3149
2347,1931
2350,25339
2352,2716
2353,1126
2354,3576
2355,663
2356,162
2357,4159
2358,3767
2359,736
2360,14529
2361,909
2365,3721
2369,927
2370,7687
2371,1155
2372,4742
2379,313
2380,10392
2381,1193
2382,1319
2386,360
2387,201
2388,2674
2390,8757
2395,671
2396,857
2397,377
2398,236
2399,597
2400,10084
2401,321
2402,1792
2403,718
2404,1838
2405,514
2406,823
2408,376
2409,1030
2410,278
2411,120
2415,390
2420,4023
2421,1828
2422,5338
2423,2964
2424,425
2425,1780
2426,720
2427,3114
2428,24009
2429,9717
2430,34018
2431,5133
2439,2941
2440,21819
2441,4345
2443,8894
2444,46284
2445,6466
2446,13330
2447,7178
2448,9000
2449,2188
2450,43894
2452,15120
2453,2768
2454,7570
2455,3000
2456,14749
2460,29216
2462,2443
2463,7545
2464,6738
2465,291
2466,1730
2469,4012
2470,15225
2471,2524
2472,1857
2473,3088
2474,6332
2475,383
2476,778
2477,12203
2478,28310
2479,4730
2480,44599
2481,11769
2482,6280
2483,10609
2484,18872
2485,14373
2486,31594
2487,13436
2488,3261
2489,7353
2490,666
2500,40510
2502,12438
2505,5014
2506,7605
2508,8975
2515,11112
2516,6105
2517,13731
2518,19067
2519,16929
2522,300
2525,11564
2526,15630
2527,21383
2528,23774
2529,26025
2530,32019
2533,15627
2534,5709
2535,7338
2536,17716
2537,11812
2538,2397
2539,17979
2540,45121
2541,25641
2545,1044
2546,9121
2548,7734
2549,3785
2550,15858
2551,3501
2555,225
2556,2507
2557,8952
2558,11114
2559,3069
2560,76521
2563,307
2564,13924
2565,19987
2566,26327
2567,38500
2568,1150
2569,1362
2570,40104
2571,11850
2572,4477
2573,5067
2574,5741
2575,15476
2576,13431
2577,15414
2578,2689
2579,4029
2580,29224
2581,2095
2582,12442
2583,4382
2584,543
2585,224
2586,2619
2587,2917
2588,260
2590,7093
2594,11672
2600,7247
2601,6363
2602,30450
2603,9359
2604,10383
2605,11725
2606,9422
2607,13614
2609,887
2611,28018
2612,16184
2614,19390
2615,44177
2617,32503
2618,1445
2619,9508
2620,39289
2621,6056
2622,3922
2623,610
2625,389
2626,500
2627,4622
2628,1912
2629,529
2630,8691
2631,570
2632,1834
2633,379
2640,36343
2641,15070
2642,4793
2643,2777
2644,2403
2645,402
2646,6758
2647,2161
2648,2369
2649,26
2650,56974
2651,2274
2652,4583
2653,2537
2655,1336
2656,1272
2658,1433
2659,893
2660,1610
2661,633
2663,5186
2665,2226
2666,5673
2668,459
2669,1654
2671,4112
2672,1576
2675,1562
2680,23940
2681,1732
2700,4922
2701,2388
2702,779
2703,984
2705,10153
2706,1162
2707,1348
2710,10123
2711,3360
2712,1356
2713,2797
2714,2769
2715,1477
2716,1102
2717,1330
2720,8012
2721,240
2722,3207
2725,374
2726,222
2727,350
2729,1696
2730,1391
2731,6410
2732,1776
2733,545
2734,456
2735,448
2736,377
2737,839
2738,1667
2739,1401
2745,29504
2747,42421
2748,1877
2749,16930
2750,44806
2752,4918
2753,17134
2754,5693
2755,261
2756,33932
2757,852
2758,8715
2759,26332
2760,33834
2761,30952
2762,4983
2763,30880
2765,16106
2766,15534
2767,22530
2768,28762
2769,11731
2770,61296
2773,6010
2774,12932
2775,1498
2776,4025
2777,17601
2778,2432
2779,4974
2780,13224
2782,6076
2783,2614
2784,1230
2785,4543
2786,1288
2787,4448
2790,15767
2791,343
2792,384
2793,976
2794,10428
2795,42550
2797,426
2798,2101
2799,4121
2800,44993
2803,281
2804,2668
2805,399
2806,779
2807,427
2808,182
2809,240
2810,3150
2817,287
2818,871
2820,7316
2821,4810
2822,410
2823,1425
2824,2183
2825,2383
2826,201
2827,3691
2828,831
2829,3102
2830,40291
2831,1919
2832,2568
2833,650
2834,2340
2835,4173
2836,891
2838,247
2839,1338
2840,2695
2842,630
2843,1290
2844,1437
2845,1980
2846,275
2847,2424
2848,1645
2849,1546
2850,17644
2852,3543
2864,804
2865,865
2866,3093
2867,602
2868,652
2869,1449
2870,12042
2871,9349
2873,561
2874,424
2875,973
2876,421
2877,3883
2878,372
2879,638
2880,18276
2898,382
2899,1748
2900,1930
2902,14900
2903,9207
2904,12863
2905,28625
2906,17633
2911,4466
2912,6142
2913,35053
2914,25204
3000,37975
3002,4964
3003,5515
3004,9307
3005,525
3006,18808
3008,10437
3011,21462
3012,26298
3013,14965
3015,17472
3016,15560
3018,12689
3019,9195
3020,44783
3021,54191
3022,3103
3023,63972
3024,23849
3025,12152
3026,73
3027,6646
3028,29201
3029,93950
3030,100313
3031,18531
3032,29450
3033,14514
3034,11633
3036,5925
3037,51155
3038,27262
3039,14250
3040,25936
3041,12412
3042,15766
3043,17716
3044,27116
3045,104
3046,34063
3047,20903
3048,18029
3049,9262
3050,117
3051,14940
3052,5694
3053,18535
3054,8428
3055,14159
3056,24473
3057,11504
3058,33778
3059,15466
3060,14043
3061,5056
3063,573
3064,75457
3065,10445
3066,8513
3067,8197
3068,18662
3070,24561
3071,18568
3072,32851
3073,50474
3074,20523
3075,22594
3076,32395
3078,11638
3079,15988
3081,13424
3082,29710
3083,31526
3084,25517
3085,13886
3087,9031
3088,26892
3089,11733
3090,2364
3091,1588
3093,3891
3094,8960
3095,27771
3096,1961
3097,1443
3099,4878
3101,24605
3102,6635
3103,15343
3104,20406
3105,10873
3106,16618
3107,13552
3108,20826
3109,28360
3111,12347
3113,8457
3114,3822
3115,3796
3116,9872
3121,30499
3122,23511
3123,14321
3124,22094
3125,15019
3126,8056
3127,18445
3128,19828
3129,17376
3130,32174
3131,22504
3132,16148
3133,22125
3134,32781
3135,19956
3136,44369
3137,13871
3138,21967
3139,13718
3140,16531
3141,25147
3142,12909
3143,9054
3144,10886
3145,23295
3146,25255
3147,14637
3148,8641
3149,33611
3150,60079
3151,10273
3152,33092
3153,20554
3154,4419
3155,22195
3156,37464
3158,6652
3159,2648
3160,9014
3161,15269
3162,17448
3163,32353
3165,27635
3166,23757
3167,9261
3168,20197
3169,20122
3170,19368
3171,21714
3172,23089
3173,25785
3174,38461
3175,53297
3177,11306
3178,33672
3179,6022
3180,7462
3181,20260
3182,23391
3183,18497
3184,15543
3185,12929
3186,23253
3187,15998
3188,18083
3189,5895
3190,10454
3191,10241
3192,22291
3193,19508
3194,12965
3195,35869
3196,25327
3197,11548
3198,16463
3199,54298
3200,5762
3201,20711
3202,2907
3204,30635
3205,10920
3206,10359
3207,16175
3211,1322
3212,16652
3213,4033
3214,23964
3215,20616
3216,56284
3217,6607
3218,13437
3219,19715
3220,16353
3221,749
3222,14960
3223,7397
3224,14187
3225,4058
3226,14165
3227,4819
3228,17939
3230,2545
3231,1256
3232,1114
3233,2030
3234,181
3235,381
3236,230
3237,214
3238,218
3239,424
3240,2021
3241,2566
3242,828
3243,358
3249,3199
3250,12250
3251,522
3254,310
3260,4766
3264,2288
3265,2621
3266,3067
3267,248
3268,2607
3269,730
3270,247
3271,196
3272,1539
3273,143
3274,246
3275,425
3276,482
3277,1926
3278,313
3279,290
3280,31569
3281,1699
3282,2362
3283,1361
3284,3439
3285,1207
3286,566
3287,433
3289,756
3292,190
3293,301
3294,959
3300,10088
3301,1211
3302,371
3303,336
3304,2725
3305,12816
3309,124
3310,276
3311,1696
3312,1031
3314,525
3315,1624
3317,200
3318,1267
3319,344
3321,1518
3322,175
3323,92
3324,529
3325,479
3328,1721
3329,285
3330,217
3331,5997
3332,1014
3333,825
3334,565
3335,5856
3337,36454
3338,23412
3340,21121
3341,1663
3342,3441
3345,1151
3350,59145
3351,8168
3352,15996
3355,13014
3356,16321
3357,3714
3360,765
3361,680
3363,3479
3364,2149
3370,1783
3371,992
3373,2292
3374,400
3375,208
3377,9416
3378,146
3379,803
3380,6032
3381,1212
3384,547
3385,517
3387,312
3388,561
3390,910
3391,171
3392,580
3393,2685
3395,364
3396,739
3400,14543
3401,4421
3407,420
3409,932
3412,299
3413,215
3414,1826
3415,40
3418,2772
3419,803
3420,279
3423,477
3424,769
3427,2763
3428,675
3429,36297
3430,320
3431,3947
3432,197
3433,218
3434,5069
3435,2879
3437,10439
3438,2387
3440,2040
3441,1335
3442,7463
3444,9198
3446,1025
3447,448
3448,876
3450,6834
3451,5656
3453,1723
3458,1945
3460,2567
3461,4149
3462,1173
3463,2451
3464,1115
3465,9776
3467,1193
3468,286
3469,280
3472,1480
3475,345
3477,829
3478,2456
3480,1856
3482,164
3483,889
3485,302
3487,93
3488,115
3489,57
3490,1293
3491,133
3494,663
3496,6224
3498,5325
3500,32738
3501,1941
3505,4832
3506,36
3507,158
3509,233
3512,371
3515,1944
3516,694
3517,1421
3518,1306
3520,180
3521,660
3522,339
3523,3620
3525,1301
3527,785
3529,121
3530,126
3531,191
3533,778
3537,1043
3540,291
3542,157
3544,250
3546,402
3549,3522
3550,40339
3551,29565
3555,19687
3556,13085
3557,785
3558,913
3559,542
3561,4436
3562,279
3563,808
3564,15944
3565,109
3566,551
3567,655
3568,2945
3570,753
3571,318
3572,151
3573,333
3575,811
3576,74
3579,5365
3580,991
3581,168
3583,209
3584,1138
3585,11206
3586,829
3588,356
3589,352
3590,336
3591,159
3594,530
3595,663
3596,94
3597,415
3599,132
3607,131
3608,2418
3610,1712
3612,1709
3614,882
3616,5357
3617,158
3618,679
3620,8240
3621,2368
3622,457
3623,899
3624,561
3629,9127
3630,31272
3631,11612
3633,605
3634,1799
3635,537
3636,5241
3637,594
3638,2074
3639,526
3640,996
3641,1238
3644,9227
3646,584
3647,44
3649,434
3658,6222
3659,736
3660,7574
3662,1078
3663,182
3664,1070
3665,359
3666,4698
3669,1337
3670,572
3672,10330
3673,1732
3675,1805
3677,18102
3678,6356
3682,613
3683,1757
3685,2722
3687,1098
3688,1236
3690,33518
3691,9704
3694,90
3695,471
3697,574
3698,862
3699,1124
3700,1318
3701,1078
3704,20
3705,261
3707,1836
3708,60
3709,290
3711,492
3712,353
3713,1024
3714,3509
3715,307
3717,2650
3718,72
3719,367
3720,570
3722,5018
3723,3005
3725,629
3726,401
3727,309
3728,636
3730,8833
3732,588
3733,215
3735,602
3737,4303
3738,219
3739,212
3740,1072
3741,3100
3744,453
3746,385
3747,4625
3749,1888
3750,9060
3751,277
3752,24060
3753,2330
3754,37757
3755,252
3756,11926
3757,8959
3758,2181
3759,1062
3760,369
3761,1226
3762,131
3763,1536
3764,9165
3765,6761
3766,1239
3767,1251
3770,3218
3775,3861
3777,10751
3778,205
3779,394
3781,4477
3782,7827
3783,2350
3785,77
3786,1518
3787,1062
3788,1738
3789,265
3791,1437
3792,1065
3793,3577
3795,1246
3796,9702
3797,3476
3799,5798
3802,24298
3803,10855
3804,8094
3805,56933
3806,48520
3807,7097
3808,3033
3809,7210
3810,47894
3812,2312
3813,886
3814,2255
3815,3022
3816,2721
3818,14167
3820,15952
3821,2917
3822,985
3823,1838
3824,5004
3825,20281
3831,1702
3832,247
3833,307
3835,471
3840,16476
3842,4783
3844,28980
3847,2191
3850,14779
3851,5687
3852,93
3854,1397
3856,989
3857,364
3858,3025
3859,834
3860,7172
3862,3156
3864,217
3865,449
3869,1626
3870,1271
3871,2902
3873,321
3874,558
3875,18625
3878,1094
3880,4032
3882,1095
3885,1871
3886,389
3887,342
3888,3426
3889,184
3890,324
3891,106
3892,1063
3893,23
3895,193
3896,406
3898,790
3900,149
3902,408
3903,751
3904,1449
3909,7901
3910,22588
3911,3414
3912,15157
3913,3338
3915,9960
3916,955
3918,3705
3919,3183
3920,1040
3921,119
3922,7738
3923,519
3925,3384
3926,3242
3927,1667
3928,416
3929,905
3930,17888
3931,23989
3933,1098
3934,18548
3936,11024
3937,1524
3938,2823
3939,14524
3940,4930
3941,12172
3942,2313
3943,1592
3944,510
3945,978
3946,209
3950,4800
3951,1003
3953,7855
3954,404
3956,2821
3957,281
3958,272
3959,1151
3960,2474
3962,914
3964,134
3965,209
3966,511
3967,125
3971,4018
3975,15248
3976,25530
3977,93326
3978,10648
3979,321
3980,3350
3981,4898
3984,5209
3987,1527
3988,999
3990,106
3991,359
3992,967
3995,10173
3996,5538
4000,16552
4005,17876
4006,14530
4007,12769
4008,368
4010,2296
4011,15180
4012,21828
4013,4568
4014,11913
4017,36869
4018,12153
4019,20106
4020,22043
4021,9790
4022,7165
4025,368
4029,81
4030,16530
4031,13588
4032,15777
4034,44463
4035,24209
4036,6502
4037,7973
4051,27531
4053,43986
4054,13620
4055,20561
4059,13495
4060,13039
4061,16692
4064,10837
4065,9500
4066,16698
4067,10424
4068,23617
4069,33627
4070,11613
4073,9138
4074,23735
4075,23352
4076,8107
4077,30758
4078,25806
4101,22861
4102,7660
4103,14316
4104,6535
4105,13321
4106,1595
4107,6290
4108,6028
4109,37607
4110,10918
4111,1183
4112,8108
4113,29913
4114,29064
4115,19308
4116,25936
4117,1365
4118,30400
4119,6341
4120,8936
4121,25264
4122,43850
4123,18491
4124,19672
4125,7142
4127,26373
4128,16506
4129,6303
4130,8532
4131,10439
4132,26215
4133,17769
4151,16282
4152,44684
4153,4374
4154,10974
4155,1442
4156,3146
4157,19035
4158,3761
4159,14497
4160,18139
4161,16254
4163,14801
4164,14694
4165,36815
4169,13995
4170,24514
4171,15721
4172,4303
4173,8290
4174,2385
4178,25208
4179,19291
4183,2102
4184,6906
4205,5385
4207,55215
4208,19965
4209,50073
4210,19475
4211,60801
4212,28053
4213,29042
4214,37238
4215,50166
4216,37435
4217,40836
4218,31864
4220,31233
4221,26802
4223,13892
4224,6588
4225,7754
4226,32243
4227,21687
4228,5297
4230,1674
4270,3950
4271,2888
4272,4612
4275,3434
4280,16862
4285,20247
4287,824
4300,55669
4301,28240
4303,3946
4304,17316
4305,62549
4306,35798
4307,1555
4309,3006
4310,5752
4311,10599
4312,2672
4313,2323
4340,5451
4341,14592
4342,2618
4343,11359
4344,2622
4346,873
4347,1192
4350,106745
4352,28460
4353,294
4354,1199
4355,2678
4356,5179
4357,2582
4358,2264
4359,1243
4360,592
4361,2653
4362,2462
4363,599
4364,217
4365,508
4370,18521
4371,708
4372,161
4373,1032
4374,355
4375,211
4376,319
4377,538
4378,511
4380,7907
4381,594
4382,517
4383,619
4384,64
4385,1222
4387,1280
4388,416
4390,6878
4400,1884
4401,5719
4402,297
4403,811
4404,539
4405,14485
4406,1467
4407,526
4408,631
4410,1122
4411,287
4412,192
4413,8024
4415,1988
4416,498
4417,669
4418,109
4419,944
4420,1178
4421,2483
4422,482
4423,200
4424,238
4425,219
4426,124
4427,351
4428,666
4454,706
4455,8486
4461,58
4462,110
4465,1230
4467,197
4468,255
4470,3574
4472,1426
4474,93
4477,468
4478,476
4479,16
4480,751
4481,121
4482,140
4486,703
4487,3098
4488,250
4489,99
4490,1422
4491,95
4492,306
4493,23
4494,151
4496,266
4497,327
4498,217
4500,42401
4501,5658
4502,8674
4503,43651
4504,18573
4505,20452
4506,21810
4507,18142
4508,19850
4509,30105
4510,48304
4511,9095
4512,3442
4514,7404
4515,4064
4516,3963
4517,763
4518,5065
4519,8426
4520,13196
4521,4730
4550,4257
4551,56733
4552,8432
4553,5891
4554,1947
4555,6925
4556,43340
4557,18985
4558,19163
4559,6321
4560,31710
4561,7212
4562,8035
4563,8478
4564,10591
4565,14500
4566,8124
4567,11016
4568,3554
4569,1624
4570,42420
4571,809
4572,3958
4573,26275
4574,1298
4575,23777
4580,4879
4581,1525
4600,893
4601,1167
4605,4843
4606,2446
4608,909
4610,14840
4611,118
4612,257
4613,861
4614,1182
4615,7052
4620,400
4621,1783
4625,2760
4626,2208
4627,877
4630,2401
4650,33891
4655,59539
4659,4794
4660,7145
4662,791
4670,79606
4671,6061
4673,652
4674,1451
4676,160
4677,3549
4678,856
4680,54166
4694,189
4695,1121
4697,146
4699,455
4700,17437
4701,42762
4702,28609
4703,22530
4704,132
4705,354
4706,105
4707,245
4709,1129
4710,4846
4711,1851
4712,278
4713,962
4714,2941
4715,7127
4716,887
4717,4749
4718,2375
4719,1007
4720,14394
4721,3717
4722,1816
4723,1424
4724,579
4725,1539
4726,411
4727,259
4728,201
4730,3230
4731,218
4732,134
4733,183
4735,967
4736,106
4737,8137
4738,1180
4739,333
4740,80089
4741,7079
4742,1140
4743,620
4744,8735
4745,2991
4746,1935
4750,5747
4751,4501
4753,4282
4754,2246
4756,609
4757,347
4798,688
4799,1058
4800,9324
4802,9832
4804,1730
4805,10828
4806,3874
4807,11038
4808,1113
4809,1001
4810,21836
4811,13142
4812,18804
4814,46124
4815,21032
4816,9270
4817,30413
4818,28218
4819,2335
4820,10843
4821,1320
4822,791
4823,925
4824,2769
4825,19246
4828,208
4829,465
4830,1714
4849,1372
4850,10918
4852,3686
4854,5481
4855,766
4856,706
4858,1487
4859,463
4860,11296
4861,1453
4865,8119
4868,22063
4869,19010
4870,71009
4871,10978
4872,3902
4873,6458
4874,5240
4875,8101
4876,2827
4877,5141
4878,13486
4879,19447
4880,13295
4881,4496
4882,2718
4883,8428
4884,1870
4885,3803
4886,846
4887,2038
4888,3097
4890,1282
4891,531
4892,5614
4895,4453
5000,15115
5006,6950
5007,7084
5008,13681
5009,5030
5010,5853
5011,11712
5012,11170
5013,9985
5014,11767
5015,5697
5016,8851
5017,5025
5018,5567
5019,9122
5020,3112
5021,5787
5022,15743
5023,16572
5024,13846
5025,8256
5031,9933
5032,12710
5033,8373
5034,10042
5035,6103
5037,10786
5038,15262
5039,8851
5040,2504
5041,13391
5042,10837
5043,18780
5044,10875
5045,15589
5046,9086
5047,8263
5048,14225
5049,9764
5050,5602
5051,14074
5052,6369
5061,9695
5062,14917
5063,12308
5064,9855
5065,10202
5066,11718
5067,10144
5068,12184
5069,8292
5070,14270
5072,12666
5073,15238
5074,12943
5075,10630
5076,9173
5081,9279
5082,14930
5083,7489
5084,10057
5085,19974
5086,16141
5087,11378
5088,3296
5089,6586
5090,7887
5091,7505
5092,17569
5093,9012
5094,900
5095,20525
5096,13387
5097,13565
5098,12321
5106,201
5107,17097
5108,40609
5109,20856
5110,8956
5112,19421
5113,18890
5114,33959
5115,10390
5116,9455
5117,2923
5118,18411
5120,1977
5121,1673
5125,19218
5126,7180
5127,7763
5131,980
5132,426
5133,390
5134,431
5136,532
5137,579
5138,294
5139,236
5140,421
5141,681
5142,575
5144,414
5150,61
5151,369
5152,6132
5153,6428
5154,3361
5155,3824
5156,951
5157,2914
5158,24735
5159,32934
5160,29
5161,10154
5162,34294
5163,14125
5164,5289
5165,5383
5166,1879
5167,5705
5168,5499
5169,17084
5170,1152
5171,5923
5172,3932
5173,12769
5174,2917
5201,1944
5202,868
5203,1268
5204,2824
5210,1718
5211,15276
5212,2102
5213,1156
5214,8397
5220,149
5221,288
5222,629
5223,3642
5231,1227
5232,421
5233,1474
5234,1298
5235,2475
5236,302
5237,357
5238,4084
5240,485
5241,2527
5242,1621
5243,832
5244,4263
5245,3084
5250,3523
5251,14623
5252,6516
5253,18489
5254,2387
5255,9248
5256,1355
5259,1110
5260,1755
5261,368
5262,412
5263,137
5264,1250
5265,431
5266,624
5267,1959
5268,3544
5269,258
5270,608
5271,7428
5272,794
5273,111
5275,2412
5276,1181
5277,2914
5278,521
5279,527
5280,7370
5290,25512
5291,9171
5301,574
5302,852
5303,211
5304,770
5306,76
5307,573
5308,145
5309,157
5310,62
5311,418
5320,652
5321,548
5322,1000
5330,3368
5331,317
5332,403
5333,5809
5340,1432
5341,7665
5342,1124
5343,4846
5344,984
5345,3582
5346,380
5350,476
5351,5864
5352,5216
5353,3775
5354,367
5355,7594
5356,810
5357,419
5360,1118
5371,1268
5372,2214
5373,3427
5374,1480
5381,384
5400,877
5401,847
5410,317
5411,324
5412,1207
5413,831
5414,149
5415,222
5416,248
5417,1486
5418,114
5419,223
5420,83
5421,139
5422,1686
5431,906
5432,137
5433,1256
5434,456
5440,263
5451,695
5452,442
5453,4938
5454,398
5455,58
5460,746
5461,2553
5462,518
5464,634
5470,140
5471,88
5472,168
5473,755
5480,773
5481,562
5482,516
5483,347
5485,581
5490,172
5491,1816
5493,91
5495,595
5501,7323
5502,1540
5510,113
5520,589
5521,148
5522,1421
5523,1935
5540,15343
5550,916
5552,381
5554,5233
5555,502
5556,4039
5558,4830
5560,471
5570,544
5571,1850
5572,148
5573,2041
5575,2332
5576,1070
5577,528
5580,346
5581,542
5582,648
5583,785
5600,6202
5601,469
5602,1341
5603,446
5604,194
5605,1690
5606,14128
5607,4919
5608,13357
5609,1950
5630,136
5631,1046
5632,250
5633,321
5640,1017
5641,1023
5642,251
5650,175
5651,79
5652,728
5653,79
5654,241
5655,100
5660,45
5661,146
5670,482
5671,163
5680,2117
5690,3656
5700,11136
5710,2673
5713,18
5715,42
5717,19
5719,41
5720,195
5722,316
5723,2059
5724,433
5725,3888
5730,94
5731,499
5732,211
5733,229
5734,167
6000,11425
6003,3509
6004,10596
6005,5624
6006,8744
6007,7130
6008,15144
6009,18534
6010,16825
6011,9007
6012,8757
6014,20604
6015,6609
6016,10035
6017,4120
6018,38004
6019,21787
6020,20791
6021,20058
6022,4982
6023,15268
6024,13347
6025,30031
6026,22337
6027,41677
6028,22440
6029,2794
6030,39386
6031,16624
6032,195
6033,442
6034,1680
6035,8868
6036,15796
6037,2990
6038,6269
6041,1514
6042,78
6043,244
6044,1233
6050,15380
6051,12577
6052,11113
6053,14432
6054,20378
6055,21034
6056,39167
6057,16806
6058,12690
6059,23486
6060,23393
6061,38563
6062,32670
6063,14359
6064,31325
6065,61998
6066,18704
6067,36
6069,39391
6070,3656
6071,3400
6072,900
6073,3041
6074,991
6076,21948
6077,1428
6078,934
6079,30
6081,4756
6082,3221
6083,3512
6084,8240
6100,14480
6101,16551
6102,13688
6103,10366
6104,14321
6105,14997
6107,43605
6108,23153
6109,12122
6110,40858
6111,23068
6112,56554
6121,2963
6122,17410
6123,1551
6124,1192
6125,3135
6126,626
6147,15138
6148,17814
6149,18476
6150,13146
6151,16576
6152,25463
6153,19865
6154,10028
6155,51244
6156,16897
6157,13525
6158,7376
6159,3340
6160,8211
6161,334
6162,11023
6163,50359
6164,57214
6165,84
6166,9509
6167,26444
6168,24027
6169,34667
6170,12393
6171,31653
6172,13777
6173,12073
6174,3785
6175,3752
6176,1371
6180,5408
6181,485
6207,1047
6208,11838
6209,1954
6210,68316
6211,7088
6213,717
6214,613
6215,4148
6218,395
6220,4675
6221,425
6223,217
6224,1151
6225,9105
6226,845
6227,800
6228,176
6229,193
6230,43134
6232,10886
6233,18844
6236,2052
6237,2482
6239,4408
6240,116
6243,56
6244,1457
6251,385
6252,152
6253,618
6254,502
6255,3916
6256,381
6258,6568
6260,1431
6262,744
6271,3314
6275,1347
6280,28166
6281,7203
6282,1330
6284,2249
6285,9177
6286,603
6288,555
6290,1680
6302,3623
6304,1724
6306,1025
6308,1593
6309,275
6311,589
6312,4884
6313,294
6315,1988
6316,344
6317,4183
6318,525
6320,618
6321,496
6322,224
6323,989
6324,3519
6326,492
6327,273
6328,427
6330,35869
6333,5845
6335,775
6336,330
6337,546
6338,676
6341,296
6343,264
6346,738
6348,871
6350,302
6351,85
6352,187
6353,785
6355,438
6356,125
6357,76
6358,93
6359,437
6361,109
6363,105
6365,531
6367,354
6368,73
6369,671
6370,458
6372,115
6373,94
6375,1001
6383,981
6384,40
6385,19
6386,96
6390,1811
6391,1001
6392,463
6393,120
6394,454
6395,1649
6396,367
6397,98
6398,546
6401,8176
6403,176
6405,319
6407,1138
6409,402
6410,1051
6411,123
6412,56
6413,47
6414,64
6415,3003
6418,703
6419,57
6420,107
6421,157
6422,52
6423,216
6424,79
6425,85
6426,846
6428,54
6429,992
6430,22746
6431,1012
6432,7092
6434,174
6436,107
6437,584
6438,831
6440,1153
6442,2542
6443,854
6445,203
6446,133
6447,183
6448,449
6450,13397
6460,752
6461,533
6462,128
6463,20
6465,28
6466,67
6467,32
6468,250
6470,18
6472,177
6473,43
6475,399
6476,53
6477,273
6479,548
6480,49
6485,498
6487,50
6488,193
6489,104
6490,257
6501,968
6502,1183
6503,2177
6504,157
6505,114
6506,59
6507,536
6509,205
6510,1976
6511,527
6512,97
6513,218
6514,648
6515,284
6516,1761
6517,405
6518,209
6519,594
6521,352
6522,455
6525,3569
6528,405
6530,32455
6532,6725
6535,1596
6536,1557
6537,910
6556,2034
6558,2642
6560,1352
6562,1257
6564,310
6566,3275
6567,417
6568,226
6569,272
6571,75
6572,57
6574,84
6575,141
6603,1111
6605,40
6606,168
6608,135
6609,822
6612,224
6613,62
6614,23
6616,56
6620,498
6623,674
6625,49
6627,69
6628,34
6630,622
6631,30
6632,69
6635,344
6638,482
6639,89
6640,196
6642,1067
6646,742
6701,5544
6705,278
6707,2713
6710,4002
6713,1104
6714,16829
6716,751
6718,1010
6720,2528
6721,4512
6722,9848
6725,10795
6726,5436
6728,5946
6740,1289
6743,6232
6751,4927
6753,7238
6754,1380
6758,1701
6760,634
6762,875
6765,1757
6770,2904
6798,1843
6799,544
7000,13837
7004,7481
7005,13305
7007,3066
7008,11981
7009,12453
7010,16842
7011,14696
7012,838
7015,10332
7016,2872
7017,5614
7018,21027
7019,6107
7020,2472
7021,2411
7022,880
7023,329
7024,526
7025,1697
7026,934
7027,294
7030,17404
7050,12405
7052,7145
7053,3574
7054,8745
7055,428
7109,8808
7112,3066
7113,1094
7116,2253
7117,854
7119,41
7120,1826
7140,10974
7150,2837
7155,803
7162,594
7163,330
7170,5008
7171,3283
7172,3650
7173,6595
7174,183
7175,199
7176,164
7177,406
7178,309
7179,385
7180,156
7182,264
7183,45
7184,798
7185,99
7186,171
7187,134
7190,3110
7209,401
7210,1040
7211,239
7212,1931
7213,298
7214,611
7215,3381
7216,3356
7248,15776
7249,12774
7250,48050
7252,2783
7253,4925
7254,487
7255,833
7256,1585
7257,66
7258,962
7259,459
7260,3218
7261,266
7262,1707
7263,594
7264,643
7265,228
7267,768
7268,1036
7270,4087
7275,3138
7276,567
7277,5713
7290,2275
7291,559
7292,606
7300,3423
7301,4304
7302,1668
7303,2712
7304,5939
7305,1170
7306,3956
7307,10125
7310,27101
7315,14658
7316,5889
7320,16238
7321,4672
7322,3903
7325,8586
7330,6592
7331,553
7466,17
7467,1790
7468,708
7469,768
7470,708
,
© Commonwealth of Australia 2018,
